address,lat,lng
"Tacuarí 1842, CABA",-58.374954,-34.629639
"Av. Santa Fe 2077, CABA",-58.396986,-34.595534
"Av. Santa Fe 3492, CABA",-58.414048,-34.586520
"Av. Santa Fe 1818, CABA",-58.393645,-34.595926
"Av. Cabildo 1965, CABA",-58.455443,-34.563304
"Av. Rivadavia 5045, CABA",-58.437306,-34.618584
"Florida 637, CABA",-58.375359,-34.600621
"Vicente López 2036, CABA",-58.393629,-34.588922
"Suipacha 764, CABA",-58.379750,-34.599519
"Av. Corrientes 526, CABA",-58.374282,-34.603340
"Florida 737, CABA",-58.375364,-34.599448
"Av. Corrientes 1243, CABA",-58.384307,-34.603778
"Av. Corrientes 1316, CABA",-58.385374,-34.604005
"Holmberg 2614, CABA",-58.478471,-34.567655
"Ramos Mejía 841, CABA",-58.432341,-34.605908
"Av. Rivadavia 1571, CABA",-58.388724,-34.608994
"Av.Corrientes 2038, CABA",-58.395865,-34.604591
"Manuel Montes de Oca 1120, CABA",-58.374046,-34.641025
"Pres. José Evaristo Uriburu 950, CABA",-58.398999,-34.597581
"Cuidad Universitaria, CABA",NA,NA
"Ciudad Universitaria, CABA",NA,NA
"Ciudad Universitaria, CABA",NA,NA
"Av. San Martín 4453, CABA",-58.482362,-34.598018
"Av. Córdoba 2122, CABA",-58.397929,-34.599824
"Av. Presidente Figueroa Alcorta 2263, CABA",-58.392374,-34.583292
"Av. Las Heras 2214, CABA",-58.396198,-34.588399
"Santiago del Estero 1029, CABA",-58.384407,-34.620242
"Av. Santa Fe 1860, CABA",-58.394220,-34.595904
"Florida 340, CABA",-58.375246,-34.604097
"Florida 632, CABA",-58.375412,-34.600696
"Av. Cabildo 2093, CABA",-58.456438,-34.562148
"Posadas 1245, CABA",-58.384257,-34.589138
"Salguero 3172, CABA",-58.404121,-34.575644
"Cabildo 1978 – Local 1116/1, CABA",NA,NA
"Av. Santa Fe 3253, CABA",-58.410667,-34.588556
"Av. Corrientes 3247, CABA",-58.410672,-34.603955
"Arce 940 – Local 207, CABA",NA,NA
"Av. Acoyte 44, CABA",-58.436775,-34.617896
"Nazarre 3175 – Local Nº 221., CABA",NA,NA
"Av. Rivadavia 6527, CABA",-58.458251,-34.627212
"Aeropuerto Jorge Newbery – Local Nº 19., CABA",NA,NA
"Vedia 3626 – Local Nº 316., CABA",NA,NA
"Av. Bullrich 345, CABA",-58.425342,-34.574925
"Av. Santa Fe 3142, CABA",-58.409308,-34.589813
"Av. Santa Fe 2928, CABA",-58.407490,-34.591458
"Av. Scalabrini Ortiz 2518, CABA",-58.415714,-34.584935
"Medrano 25, CABA",-58.421060,-34.610881
"Florida 249, CABA",-58.375087,-34.605084
"Lavalle 691, CABA",-58.376400,-34.602238
"Av. Corrientes 4790, CABA",-58.433391,-34.601766
"Cnel.Ramón Falcón 7145, CABA",-58.526853,-34.640259
"Av. Rivadavia 6870, CABA",-58.462222,-34.628793
"Av. Rivadavia 4648, CABA",-58.431092,-34.616008
"Av. Corrientes 1436, CABA",-58.387069,-34.604115
"Av. Corrientes 1311, CABA",-58.385312,-34.603838
"Uruguay 341, CABA",-58.386468,-34.604784
"Juramento 2584, CABA",-58.458366,-34.563069
"Av. Santa Fe 3034, CABA",-58.408231,-34.590726
"Av. Rivadavia 4791, CABA",-58.432741,-34.616553
"Sucre 2441, CABA",-58.455597,-34.564197
"Bulnes 640, CABA",-58.418187,-34.604043
"Av. Santa Fe 1685, CABA",-58.391662,-34.595748
"Av. Rivadavia 3474, CABA",-58.415319,-34.610872
"Av. Corrientes 1388, CABA",-58.386244,-34.604056
"Peat. Florida 719, CABA",NA,NA
"Av. Juramento 2385, CABA",-58.456340,-34.561758
"Av. Rivadavia 6495, CABA",-58.457743,-34.627002
"Av. Santa Fe 1654, CABA",-58.390945,-34.595903
"Av. Callao 1012, CABA",-58.393312,-34.597102
"Vedia 3626, CABA",-58.487652,-34.545051
"Av. La Plata 63, CABA",-58.429176,-34.615947
"Av. Santa Fe 3253, CABA",-58.410667,-34.588556
"Marcelo T. de Alvear 1369, CABA",-58.386610,-34.596980
"Conde 1990, CABA",-58.464619,-34.568369
"A. Alsina 943, CABA",-58.379757,-34.610645
"La Rioja 2127, CABA",-58.405774,-34.636239
"Av. Independencia 3548, CABA",-58.415688,-34.620994
"Ayacucho 19, CABA",-58.394847,-34.609016
"México 620, CABA",-58.374924,-34.614972
"PEDERNERA 88, CABA",-58.463611,-34.630343
"Av. Cabildo 1786, CABA",-58.454185,-34.565076
"Las Heras 1702, CABA",-58.390978,-34.592536
"Brasil 1128, CABA",-58.380059,-34.627854
"Av. Juan Bautista Alberdi 5853, CABA",-58.502764,-34.651682
"Av. Scalabrini Ortiz 274, CABA",-58.439339,-34.600113
"Cuenca 3131, CABA",-58.495526,-34.600959
"Dr. Rodolfo Rivarola 169, CABA",-58.385397,-34.606846
"Av. Corrientes 1375, CABA",-58.386141,-34.603887
"Florida 683, CABA",-58.375379,-34.600074
"Av. Callao 410 2º, CABA",NA,NA
"Freire 2551 3º D, CABA",NA,NA
"Av. Díaz Vélez 5126, CABA",-58.439167,-34.608879
"Bartolomé Mitre 3749, CABA",-58.419298,-34.609632
"Francisco Laprida 1780, CABA",NA,NA
"Vidal 2649, CABA",-58.464480,-34.559339
"Av. Rivadavia 1573, CABA",-58.388724,-34.608994
"Av. Rivadavia 3402, CABA",-58.414604,-34.610821
"Tucumán 358. Piso 4, CABA",NA,NA
"Catamarca 972, CABA",-58.404513,-34.621053
"Av. Medrano 288, CABA",-58.421511,-34.607501
"Castro Barros 1754, CABA",-58.417792,-34.633499
"Yapeyú 283, CABA",-58.421642,-34.615533
"NA, CABA",NA,NA
"NA, CABA",NA,NA
"MAIPU 116 PISO 8, CABA",NA,NA
"RIOBAMBA 1018, CABA",-58.394824,-34.597024
"CALIFORNIA 2082 P 3 OF 315, CABA",NA,NA
"AVENIDA CORRIENTES 415 8º, CABA",NA,NA
"DEFENSA 269 PB OF 1, CABA",NA,NA
"AV. CORDOBA 807 5º A, CABA",NA,NA
"ESMERALDA 977 5º OF 12, CABA",NA,NA
"ROJAS 318, CABA",-58.442915,-34.617115
"CAVIA 2985 1º, CABA",NA,NA
"LAVALLE 1675 4º ""13"", CABA",NA,NA
"TANDIL 3564 Dpto.""E"", CABA",NA,NA
"BARILARI 1392, CABA",-58.451332,-34.550735
"AV. CALLAO 224 2º PISO, CABA",NA,NA
"LAVALLE 1290 1ºPiso Of.""112"", CABA",NA,NA
"JERONIMO SALGUERO 1452, CABA",-58.418236,-34.593436
"ALMAFUERTE 876 DTO. A, CABA",NA,NA
"24 DE NOVIEMBRE 1212, CABA",-58.410274,-34.625156
"Avenida Caseros 731, 3º ""O"",, CABA",NA,NA
"ARAOZ 2463 6º ""13"", CABA",NA,NA
"JUNIN 1616 6º PISO, CABA",NA,NA
"Pje. Florencio Balcarce 73 1er, CABA",NA,NA
"J. M. DE PUEYRREDON 2385 7 A, CABA",NA,NA
"JOSE BONIFACIO 2876 7º ""A"", CABA",NA,NA
"TALCAHUANO 758, PB, B, CABA",NA,NA
"Avda. LIBERTADOR 6550 5º ""C"", CABA",NA,NA
"CIUDAD DE LA PAZ 2330, CABA",-58.459581,-34.560462
"JOSE MARMOL 915, 2º 5, CABA",NA,NA
"AV. CABILDO 1535 3º. C, CABA",NA,NA
"RUGGIERI 2733 3º ""C"", CABA",NA,NA
"TUCUMAN 927 6 º PISO, CABA",NA,NA
"Medrano 1970 8º D, CABA",NA,NA
"OLAZABAL 1861, CABA",-58.453365,-34.557175
"GASPAR M.DE JOVELLANOS 1068, CABA",-58.371649,-34.641938
"AYACUCHO 1050, CABA",-58.396159,-34.596689
"HUMAHUACA 4214 1º A, CABA",NA,NA
"AV. ENTRE RIOS 1181, CABA",-58.391610,-34.622459
"LAVALLEJA 519 1º, CABA",NA,NA
"SARMIENTO 212 9º A 2, CABA",NA,NA
"PRINGLES 289 7º C, CABA",NA,NA
"AV. CORDOBA 673 PISO 1 A, CABA",NA,NA
"AV. LAS HERAS 3766 3º B, CABA",NA,NA
"HONDURAS 5582, CABA",-58.436100,-34.584390
"VIAMONTE 947 1° A, CABA",NA,NA
"LIBERTAD 567 10º PISO, CABA",NA,NA
"AV.DIRECTORIO 903, CABA",-58.439757,-34.628814
"PAVON 2540, CABA",-58.400616,-34.627423
"A. M. DE JUSTO 2030 2º OF. 219, CABA",NA,NA
"GUATEMALA 4294 5º C, CABA",NA,NA
"PARAGUAY 2019 1º B, CABA",NA,NA
"AV. INDEPENDENCIA 1511 4º, CABA",NA,NA
"LAVALLE 1634, CABA",-58.389851,-34.603091
"LUIS VIALE 89, CABA",-58.443889,-34.602154
"VIAMONTE 1546 2º OF 200, CABA",NA,NA
"JOSE BONIFACIO 2524, CABA",-58.462960,-34.632967
"RIOBAMBA 144, CABA",-58.393553,-34.607608
"RIOBAMBA 460 3ro A, CABA",NA,NA
"AGUIRRE 229 PB 2, CABA",NA,NA
"CUBA 3622 7º, CABA",NA,NA
"Nicasio Oroño 2424, CABA",-58.459943,-34.598670
"LIBERTAD 567 10º, CABA",NA,NA
"AV ACOYTE 25, PISO 4º OF E, CABA",NA,NA
"AUSTRIA 2447 4º C, CABA",NA,NA
"PASAJE RODOLFO RIVAROLA 142, CABA",-58.385450,-34.607089
"UGARTECHE 3107 5º A, B Y C, CABA",NA,NA
"ETCHEVERRIA 2079 3º C, CABA",NA,NA
"CONDOR 2150, CABA",-58.429123,-34.657565
"AV. PEDRO DE MENDOZA 1929, CABA",-58.361729,-34.639631
"AV. CONGRESO 2346 12 E, CABA",NA,NA
"QUITO 3833DTO 2, CABA",NA,NA
"AV. ELCANO 3316 2º B, CABA",NA,NA
"AV. ING HUERGO 1485, CABA",-58.364247,-34.624693
"J. BONIFACIO 1402, CABA",-58.446695,-34.628663
"MARIANO ACHA 3969, CABA",-58.490233,-34.556376
"TTE. GRAL. J.A. PERON 1509 4ºC, CABA",NA,NA
"RONDEAU 1651 1º piso, CABA",NA,NA
"AV. L. N. ALEM 1110 PISO 9, CABA",NA,NA
"RODRIGUEZ PEÑA 714 4º, CABA",NA,NA
"J.J. BIEDMA 1005, CABA",-58.455154,-34.613422
"TUCUMAN 2757 5º OF 34, CABA",NA,NA
"FLORIDA 1065 11 G, CABA",NA,NA
"AVELLANEDA 11 4° ""C"", CABA",NA,NA
"TONELERO 5971, CABA",-58.514451,-34.641300
"MORON 2453, CABA",-58.466680,-34.622307
"CONDE 3718/20, CABA",NA,NA
"MONTEVIDEO 1159 6º ""B"", CABA",NA,NA
"BONPLAND 1135 5º, CABA",NA,NA
"BALCARCE 1053 1º, CABA",NA,NA
"CUBA 1921, CABA",-58.453291,-34.562548
"RODRIGUEZ PEÑA 231 5º B, CABA",NA,NA
"ALSINA 1960 PB 9, CABA",NA,NA
"ENTRE RIOS 1161, CABA",-58.391614,-34.622385
"TUCUMAN 1538 2º D, CABA",NA,NA
"HILARIO ASCASUBI 3282, CABA",NA,NA
"MACHAIN 3906, CABA",-58.489143,-34.556304
"ROOSVELT 4550, CABA",-58.481215,-34.569925
"ING.BUTTY 240 4º Piso, CABA",NA,NA
"ANGEL GALLARDO 227 2º 6, CABA",NA,NA
"AV. DE MAYO 1209 2º D, CABA",NA,NA
"PACHECO DE MELO 2084, CABA",-58.395656,-34.590364
"GALICIA 919 4º A, CABA",NA,NA
"CIUDAD DE LA PAZ 394, CABA",-58.442281,-34.573953
"CORRIENTES 880 PISO 13, CABA",NA,NA
"GUATEMALA 4294 5º C, CABA",NA,NA
"AV. CORRIENTES 1551, CABA",-58.388661,-34.604160
"COSQUIN 435, CABA",-58.523209,-34.643993
"LAVALLE 1567 7º 714, CABA",NA,NA
"FRAGATA SARMIENTO 522, CABA",-58.450929,-34.617642
"AV CORRIENTES 1834, CABA",-58.392848,-34.604514
"GASCON 1222, CABA",-58.423175,-34.596088
"MAIPU 741 6º B, CABA",NA,NA
"TRONADOR 2051, CABA",-58.471809,-34.571690
"CARRANZA 2400 Piso 9 Dto.""A"", CABA",NA,NA
"FLORIDA 910 4º B, CABA",NA,NA
"FLORIDA 860 LOCAL 101, CABA",NA,NA
"GURRUCHAGA 311, CABA",-58.443567,-34.598856
"GRAL URQUIZA 2037, CABA",-58.407909,-34.634602
"SZ. DE BUSTAMANTE 1265 9º C, CABA",NA,NA
"ALICIA M.DE JUSTO 1120 3º, CABA",NA,NA
"H. YRIGOYEN 820 1º E, CABA",NA,NA
"AV. RIVADAVIA 4260 7º, CABA",NA,NA
"AV. MONROE 2341 9° A., CABA",NA,NA
"ARAOZ 2091 8º A, CABA",NA,NA
"AV CRAMER 1733, CABA",-58.458150,-34.568240
"AV. PUEYRREDON 860 PISO 12, CABA",NA,NA
"AV. CRAMER 2038.7º C, CABA",NA,NA
"OLGA COSSETTINI 1112 8º F, CABA",NA,NA
"AV. ALVAREZ JONTE 4461/65, CABA",NA,NA
"RODRIGUEZ PEÑA 1182 1º D, CABA",NA,NA
"CHARCAS 2983, CABA",-58.408175,-34.593140
"PASAJE JORGE BERMUDEZ 1631, CABA",-58.488967,-34.653130
"AV. CORRIENTES 989 8º PISO, CABA",NA,NA
"COMBATE DE LOS POZOS 1881 2º, CABA",NA,NA
"LAVALLE 1459 2º CUERPO 4º PISO, CABA",NA,NA
"BOEDO 25, CABA",-58.418301,-34.611549
"AV. CORDOBA 2054 1º A, CABA",NA,NA
"ECHEVERRIA 4742, CABA",-58.477654,-34.576163
"NUÑEZ 2802 DTO. 8, CABA",NA,NA
"MONTEVIDEO 141 2 D, CABA",NA,NA
"JUNIN 925, CABA",-58.397334,-34.598266
"AV. CRUZ 1610, CABA",-58.429506,-34.649090
"LAPRIDA 2934, CABA",NA,NA
"AV. RIVADAVIA 3474, CABA",-58.415319,-34.610872
"CAMARGO 694 2 C, CABA",NA,NA
"AGÜERO 1412 PB, CABA",NA,NA
"QUITO 3855, CABA",-58.420870,-34.616677
"TALCAHUANO 1211, CABA",-58.385822,-34.594298
"MEDRANO 1335, CABA",-58.419449,-34.593743
"JUAN MANUEL BLANES 383, CABA",-58.362078,-34.630674
"Av.Scalabrini Ortiz 874 dto 8, CABA",NA,NA
"SALVIGNY 1510 /ESQ CENTENERA, CABA",NA,NA
"SANCHEZ DE BUSTAMANTE 515 2º E, CABA",NA,NA
"CHARCAS 3882 PB A, CABA",NA,NA
"MAGALLANES 1315, CABA",-58.370135,-34.641191
"Av.Santa Fe Nº 1544 local 34, CABA",NA,NA
"AREVALO 1830, CABA",-58.439289,-34.579881
"MONTIEL 249, CABA",-58.526265,-34.642204
"MEXICO 3144 PB 11, CABA",NA,NA
"SERRANO 1316, CABA",-58.433309,-34.590696
"AV. HIPOLITO YRIGOYEN 4220, CABA",-58.426281,-34.614990
"DEAN FUNES 846, CABA",-58.406270,-34.620015
"CESPEDES 3800, CABA",-58.456574,-34.582059
"LAVALLE 900 10º C, CABA",NA,NA
"AZOPARDO 954, CABA",-58.367143,-34.618854
"COSTA RICA 5639, CABA",-58.434876,-34.582443
"CALLAO 410 PISO 2º, CABA",NA,NA
"AV. CORRIENTES 1471, CABA",-58.387525,-34.604071
"PICHINCHA 1142 2º C, CABA",NA,NA
"MONROE 5776 1º D, CABA",NA,NA
"PLAZA 1202, CABA",-58.467318,-34.580442
"PASO 757, CABA",-58.403211,-34.599820
"Fray Justo S. M.de Oro 2760, CABA",-58.421847,-34.576494
"RODRIGUEZ PEÑA 1657 Piso 7 ""C, CABA",NA,NA
"AV. DE LOS INCAS 3462 1º F, CABA",NA,NA
"M.Ugarte 1507 4º DTO 406, CABA",NA,NA
"PARANA 317 4º A, CABA",NA,NA
"NOGOYA 2448 6º 1, CABA",NA,NA
"RAMALLO 1781, CABA",-58.466423,-34.539814
"MEXICO 3038, CABA",-58.408465,-34.618460
"MEXICO 2597 1º D, CABA",NA,NA
"AV. CORDOBA 3580, CABA",-58.416951,-34.597920
"URUGUAY 1371, CABA",-58.387716,-34.592194
"TALCAHUANO 768 10 PISO, CABA",NA,NA
"TALCAHUANO 768 PISO 10 OF 34, CABA",NA,NA
"A. ALSINA 3145 PB 1º, CABA",NA,NA
"BERNARDO DE IRIGOYEN 380 2º, CABA",NA,NA
"CONDARCO 1440, CABA",-58.474431,-34.615690
"GAONA 3125, CABA",-58.469498,-34.617908
"TACUARI 628, CABA",-58.378861,-34.615537
"FREIRE 2551 3º D, CABA",NA,NA
"CHACABUCO 1316, CABA",-58.375497,-34.623643
"CABELLO 3615, CABA",-58.410798,-34.580658
"AVDA. LA PLATA 443 2° D, CABA",NA,NA
"MOLDES 2495, CABA",-58.462517,-34.560048
"RIO DE JANEIRO 323 11 C, CABA",NA,NA
"RECONQUISTA 269 LOCAL 4, CABA",NA,NA
"AV. JULIO A ROCA 546 1º of 1, CABA",NA,NA
"Reconquista 533, 1ºpiso, CABA",NA,NA
"Avenida Belgrano 1460, PB A, CABA",NA,NA
"DONATO ALVAREZ 936 10 L, CABA",NA,NA
"Rivera Indarte 371, CABA",-58.461009,-34.633073
"LIMA 1693 6º PISO DTO 51, CABA",NA,NA
"DEFENSA 269 PB OF 1, CABA",NA,NA
"Concepción Arenal 4501, CABA",-58.453475,-34.594002
"FELIPE VALLESE 2671, CABA",-58.469849,-34.622160
"CASTILLO 549 8 C, CABA",NA,NA
"YERBAL 2248 LOCAL 59 Y, CABA",NA,NA
"3 ARROYOS 1357, CABA",-58.458478,-34.607851
"VIAMONTE 1181 4º piso, CABA",NA,NA
"SARMIENTO 2037, CABA",-58.395757,-34.605861
"AVALOS 2075 1º B, CABA",NA,NA
"TUCUMAN 1621 PB, CABA",NA,NA
"JURAMENTO 1981 OF 19, CABA",NA,NA
"MASON 4428, CABA",-58.427651,-34.594779
"LIBERTAD 1025 6º B, CABA",NA,NA
"MONTES DE OCA 1640, CABA",-58.373094,-34.645924
"H. YRIGOYEN 1516 5º O, CABA",NA,NA
"QUITO 4231 PB, CABA",NA,NA
"PEDRO RIVERA 4610 PISO 1 DTO 6, CABA",NA,NA
"MONROE 4829, CABA",-58.483104,-34.572353
"AV. LAS HERAS 2225, CABA",-58.396127,-34.588228
"EL SALVADOR 4833, CABA",-58.428488,-34.588427
"NICARAGUA 5094, CABA",-58.429286,-34.585040
"Juramento 1475, CABA",-58.447467,-34.556482
"SUIPACHA 1032, CABA",-58.379968,-34.596057
"DORREGO 1789 OF 403, CABA",NA,NA
"PUEYRREDON 750 5º B, CABA",NA,NA
"MARTINIANO LEGUIZAMON 1726, CABA",-58.505363,-34.654711
"LAVALLE 1772 LOCAL 16, CABA",NA,NA
"CARRANZA 1424, CABA",-58.441152,-34.584915
"JEAN JAURES 55 1 B, CABA",NA,NA
"FEDERICO LACROZE 3229 3ºA, CABA",NA,NA
"ANIBAL TROILO 942 5º 11, CABA",NA,NA
"Av. J. G. del Río 2585 P 12 A, CABA",NA,NA
"Sanchez de Bustamante 463, CABA",-58.414571,-34.604487
"PADILLA 673 1º Piso ""A"", CABA",NA,NA
"PJE. CARLOS MOREL 4175, CABA",-58.472875,-34.650524
"MALABIA 852 P.B, CABA",NA,NA
"LAVALLE 1282 PB 6, CABA",NA,NA
"ZAPIOLA 2027 7º D, CABA",NA,NA
"MAURE 1786, CABA",-58.436525,-34.567434
"RIGLOS 108 2º A, CABA",NA,NA
"ALSINA 2747, CABA",-58.404958,-34.612347
"MEXICO 1448, CABA",-58.386661,-34.615551
"DEFENSA 247, CABA",-58.372065,-34.610718
"QUESADA 3431, CABA",-58.473863,-34.559964
"AV. RIVADAVIA 1829 9º, CABA",NA,NA
"ARAOZ 282 1º DTO 6, CABA",NA,NA
"AV. JUAN B. ALBERDI 872, CABA",-58.440157,-34.623050
"LADINES 2750 PB 1, CABA",NA,NA
"ESTADOS UNIDOS 700 esq Chacabu, CABA",NA,NA
"ECHEVERRIA 2336 5 D, CABA",NA,NA
"FORTUNATO DEVOTO 435, CABA",-58.425043,-34.618399
"AV. CABILDO 2280 LOCAL 62, CABA",NA,NA
"ORTIZ DE OCAMPO 2612 2º D, CABA",NA,NA
"MONTEVIDEO 837 7º B, CABA",NA,NA
"MARCELO T DE ALVEAR 1947 3ºD, CABA",NA,NA
"DEL CARMEN 791 3º A, CABA",NA,NA
"AV. SAN JUAN 2107 6º A, CABA",NA,NA
"MONTEVIDEO 1787, CABA",-58.386158,-34.590064
"AV. BELGRANO 3231 15 A, CABA",NA,NA
"JULIAN ALVAREZ 615 6º 13, CABA",NA,NA
"AYACHUCHO 2052, CABA",NA,NA
"CHARLONE 201, CABA",-58.448209,-34.584210
"MATIENZO 1566 15 A, CABA",NA,NA
"LLERENA 2579, CABA",-58.474484,-34.585049
"TANDIL 3564 DTO E, CABA",NA,NA
"BOYACÁ 173 2º DEPARTAMENTO 1, CABA",NA,NA
"Arenales 3537 1º B, CABA",NA,NA
"BENJAMIN MATIENZO 1849 2 B, CABA",NA,NA
"MOLINA 1951, CABA",-58.515895,-34.659516
"AV. ING HUERGO 1485, CABA",-58.364247,-34.624693
"TALCAHUANO 437, CABA",-58.385126,-34.603509
"E. ES. DE SAN MARTIN 908, CABA",-58.455334,-34.603766
"Tacuari 628, CABA",-58.378861,-34.615537
"TRES ARROYOS 1357, CABA",-58.458478,-34.607851
"LA PAMPA 2020 1º P A, CABA",NA,NA
"VENEZUELA 1318, CABA",-58.384835,-34.614531
"AV. RIVADAVIA 3580 14 B, CABA",NA,NA
"YAPEYU 283, CABA",-58.421642,-34.615533
"PARAGUAY 1255, CABA",-58.384852,-34.598102
"ESTADOS UNIDOS 629, CABA",-58.374815,-34.618483
"LA PAMPA 4951, CABA",-58.478347,-34.578694
"RNCON 79, CABA",NA,NA
"HIPOLITO YRIGOYEN 1315 21 F/G, CABA",NA,NA
"AZCUENAGA 1129, CABA",-58.399791,-34.594838
"LIMA 87 PISO 9, CABA",NA,NA
"AGUILAR 2282 3º OF 309, CABA",NA,NA
"CABELLO 3791 3º M, CABA",NA,NA
"VIAMONTE 1621 8º, CABA",NA,NA
"GUAMINI 5007, CABA",-58.475941,-34.688428
"NEUQUEN 781 3, CABA",NA,NA
"PASAJE KING 350 DTO 7, CABA",NA,NA
"Av Donado 4694, CABA",-58.492350,-34.549868
"Av. Pres.Figueroa Alcorta 3415, CABA",-58.403770,-34.577246
"Av. Don Pedro De Mendoza 1929, CABA",-58.361729,-34.639631
"Brandsen 805, CABA",-58.364380,-34.636469
"Int. Guiraldes 2620, CABA",-58.438501,-34.546475
"Junín 1939, CABA",-58.391528,-34.586582
"Montevideo 919, CABA",-58.389695,-34.598163
"Laprida 1212, CABA",-58.407807,-34.594707
"Av. Del Libertador 999, CABA",-58.385833,-34.586580
"Olga Cossettini 141, CABA",-58.364738,-34.600270
"Av. San Juan 328, CABA",-58.370225,-34.621867
"Riobamba 650, CABA",-58.394213,-34.601473
"Lavalle 1547, CABA",-58.388647,-34.602891
"Piedras 905, CABA",-58.377346,-34.618611
"Av. Independencia 1190, CABA",-58.382486,-34.617755
"Libertad 769, CABA",-58.383952,-34.599634
"Valle Iberlucea 1261, CABA",-58.362002,-34.639184
"Av. Del Libertador 405, CABA",-58.379361,-34.589982
"Riobamba 750. Piso 1, CABA",NA,NA
"Av. Caseros 2739, CABA",-58.401077,-34.636226
"Uriburu 781, CABA",-58.398710,-34.600011
"Rojas 129, CABA",-58.442075,-34.618898
"Cátulo Castillo 2750, CABA",-58.402298,-34.633454
"Abasto Shopping. Av. Corrientes 3247, CABA",NA,NA
"Humahuaca 4662, CABA",-58.430648,-34.600970
"Superi 2647, CABA",-58.470830,-34.562846
"Irala 1162, CABA",-58.366205,-34.639269
"Adolfo Alsina 380, CABA",-58.371766,-34.610158
"Av. Alicia Moreau de Justo 980, CABA",-58.366400,-34.609377
"Av. Rivadavia 830, CABA",-58.378280,-34.608267
"Av. Pres. Julio A. Roca 651, CABA",-58.375718,-34.610975
"Av. Int. Bullrich 481, CABA",-58.426151,-34.576522
"Av. Nazca 371, CABA",-58.470868,-34.627704
"Av. Don Pedro de Mendoza 1855, CABA",-58.361099,-34.639140
"Av. Don Pedro de Mendoza 1727, CABA",-58.359097,-34.638940
"Saráchaga 4906, CABA",-58.494463,-34.633245
"Av. Callao 1542, CABA",-58.391548,-34.591321
"Chacabuco 955, CABA",-58.375875,-34.619138
"Irigoyen 2265, CABA",-58.526186,-34.620833
"Tabare 1371, CABA",-58.423666,-34.651001
"Viamonte 2790, CABA",-58.405508,-34.600843
"Pres. Luis Sáenz Peña 457, CABA",-58.387556,-34.614149
"Guevara 492, CABA",-58.451631,-34.586464
"California 2000, CABA",-58.376585,-34.647656
"Olavarría 486, CABA",-58.359517,-34.636626
"Brandsen 567, CABA",-58.361888,-34.635468
"Humberto 1º 340, CABA",-58.370529,-34.620700
"México 524, CABA",-58.373666,-34.614909
"Av. Medrano 735, CABA",-58.420667,-34.601566
"Av. Luis M. Campos 554, CABA",-58.434531,-34.571519
"Av. Boyacá 1553, CABA",-58.467447,-34.611736
"Bartolomé Mitre 2455, CABA",-58.401460,-34.608561
"Av. Del Libertador 6935, CABA",-58.455283,-34.548438
"Av. Paseo Colón 650, CABA",-58.368821,-34.615249
"Av. Del Libertador 1850, CABA",-58.399869,-34.582761
"Caminito y Araoz De Lamadrid, CABA",-58.363241,-34.639095
"Vedia 3546, CABA",-58.487051,-34.544793
"Bollini 2260, CABA",-58.403182,-34.586322
"Lima 1037, CABA",-58.381524,-34.620262
"Marcelo T. De Alvear 740, CABA",-58.377616,-34.596346
"Concepción Arenal 4865, CABA",-58.456781,-34.596977
"Av.Corrientes 1372, CABA",-58.386193,-34.604053
"Av. Corrientes 1639, CABA",-58.389894,-34.604175
"Av. Corrientes 746, CABA",-58.377283,-34.603522
"Virrey Loreto 2348, CABA",-58.449359,-34.566624
"Av. Corrientes 1155, CABA",-58.383174,-34.603712
"Nicaragua 5565, CABA",-58.433083,-34.581945
"Sarmiento 3131, CABA",-58.410465,-34.606624
"Marcelo T. De Alvear 1125, CABA",-58.383259,-34.596797
"Av. Corrientes 1764/74, CABA",NA,NA
"Guevara 326, CABA",-58.449465,-34.587312
"Av. Corrientes 950, CABA",-58.380297,-34.603707
"Av. Corrientes 857, CABA",-58.378882,-34.603454
"Av. Rodriguez Peña 1062 / 1074, CABA",NA,NA
"Av. Corrientes 1660, CABA",-58.389891,-34.604339
"Rivadavia 1495 / 1497 / 1499, CABA",NA,NA
"Av. Corrientes 1280, CABA",-58.384800,-34.603973
"Bouchard 465, CABA",-58.369025,-34.602347
"Montevideo 842, CABA",-58.389740,-34.599017
"Esmeralda 443, CABA",-58.378060,-34.603059
"Av. Corrientes 1343, CABA",-58.385841,-34.603869
"Av. Corrientes 831, CABA",-58.378882,-34.603454
"Av. Corrientes 1283 / 1285, CABA",NA,NA
"Av. Corrientes 860, CABA",-58.378947,-34.603628
"Pasaje Santos Discepolo 1857, CABA",-58.393263,-34.603919
"Av. Corrientes 1524, CABA",-58.388157,-34.604203
"Av. Corrientes 1565, CABA",-58.388872,-34.604176
"Av. Santa Fe 1235, CABA",-58.384949,-34.595546
"Chacabuco 875, CABA",-58.375917,-34.618169
"Zelaya 3006, CABA",-58.408383,-34.601995
"Av. La Plata 96, CABA",-58.428872,-34.616358
"Av. Alicia Moreau de Justo 1920, CABA",-58.365308,-34.621559
"Beruti 3399, CABA",-58.410271,-34.586685
"Vedia 3626, CABA",-58.487652,-34.545051
"Av. Corrientes 3247, CABA",-58.410672,-34.603955
"Av.Rivadavia 5071, CABA",-58.437306,-34.618584
"Vicente López 2050, CABA",-58.393629,-34.588922
"Jerónimo Salguero 3172, CABA",-58.404121,-34.575644
"Rivera Indarte 44, CABA",-58.462469,-34.629368
"Av. del Libertador 750, CABA",-58.383406,-34.588102
"Av. Corrientes 1565, CABA",-58.388872,-34.604176
"Av.Corrientes 1428, CABA",-58.386975,-34.604107
"Quevedo 3365, CABA",-58.518108,-34.611791
"Vuelta de Obligado 2199, CABA",-58.456499,-34.560507
"Av. Cabildo 2829, CABA",-58.461771,-34.556061
"Lavalle 780, CABA",-58.377785,-34.602406
"Simbron 4821 PB, CABA",NA,NA
"Piedras 1856, CABA",-58.373182,-34.629993
"Chacabuco 874, CABA",-58.375838,-34.618279
"Humberto 1º 2758, CABA",-58.403422,-34.622631
"Nicaragua 5549, CABA",-58.433021,-34.581993
"Yerbal 1657, CABA",-58.453823,-34.624128
"Av.Corrientes 5008, CABA",-58.436557,-34.600702
"Guatemala 4328, CABA",-58.420721,-34.588902
"Gorriti 3780, CABA",-58.418163,-34.595532
"Acuña de Figueroa 1030, CABA",-58.422033,-34.598976
"Gallo 333, CABA",-58.413265,-34.604713
"Bacacay 2414, CABA",-58.464008,-34.626526
"Guardia Vieja 3811, CABA",-58.418076,-34.600884
"Costa Rica 4848, CABA",-58.428748,-34.587075
"Arévalo 1376, CABA",-58.444009,-34.584045
"Luis María Drago 236, CABA",-58.436866,-34.601923
"Av. Santa Fe 4560, CABA",-58.425026,-34.578985
"Cochabamba 2536, CABA",-58.400839,-34.625036
"Pringles 1249, CABA",-58.426303,-34.597323
"Av.Boedo 830, CABA",-58.416253,-34.622820
"Av. Juan De Garay 2900, CABA",-58.405334,-34.629254
"Av.Córdoba 4379, CABA",-58.427785,-34.595594
"Aráoz 832, CABA",-58.432389,-34.596862
"Thorne 493, CABA",-58.450644,-34.630300
"Av.Corrientes 5426, CABA",-58.441009,-34.597945
"Av. San Juan 1826, CABA",-58.391955,-34.622841
"Valdenegro 2636, CABA",-58.482996,-34.570417
"Guatemala 4516, CABA",-58.422826,-34.587685
"Av. Chiclana 3045, CABA",-58.407167,-34.630974
"Av. Rivadavia 3832, CABA",-58.420169,-34.611318
"Rincón 1330, CABA",-58.394685,-34.624576
"Remedios Escalada de San Martín 332, CABA",-58.449777,-34.600130
"Pasco 689, CABA",-58.397693,-34.617151
"Sarmiento 3096, CABA",-58.409914,-34.606752
"Mario Bravo 441, CABA",-58.416913,-34.604909
"Pje. Pablo Soria 4940, CABA",NA,NA
"M. T. de Alvear 1155 PB Local A Semi Sotano, CABA",NA,NA
"Av. Hipolito Yrigoyen 4071, CABA",-58.423946,-34.614737
"Av. Gaona 2601, CABA",-58.463275,-34.615228
"Aráoz de Lamadrid 1001, CABA",-58.366385,-34.639669
"Av.Córdoba 4335, CABA",-58.427439,-34.595806
"Moreno 364, CABA",-58.371534,-34.611306
"Sánchez de Loria 745, CABA",-58.412735,-34.618595
"Sánchez de Bustamante 772, CABA",-58.414124,-34.601489
"Av. Gral. Iriarte 2290, CABA",-58.379430,-34.649450
"Balcarce 725, CABA",-58.370312,-34.616286
"Av. Córdoba 5219, CABA",-58.436406,-34.589985
"Honduras 4648, CABA",-58.426469,-34.591217
"Jean Jaures 347, CABA",-58.409635,-34.605987
"NA, CABA",NA,NA
"NA, CABA",NA,NA
"Av. Corrientes 2037/49, CABA",NA,NA
"Av. Elcano 3835, CABA",-58.460612,-34.581219
"Av. Estado de Israel 4126, CABA",-58.423765,-34.597915
"Niceto Vega 5662. Timbre 10, CABA",NA,NA
"Ciudad de la Paz 1937, CABA",-58.456297,-34.564155
"Libertad 757, CABA",-58.383944,-34.599759
"Av. Scalabrini Ortiz 1828, CABA",-58.423043,-34.589524
"Av. Córdoba 1526, CABA",-58.388579,-34.599459
"Bolívar 1478, CABA",-58.372593,-34.625280
"Av. Córdoba 1552, CABA",-58.389035,-34.599485
"Cuenca 2327, CABA",-58.489065,-34.608694
"Av.Crámer 2455, CABA",-58.464104,-34.561388
"Galicia 102, CABA",-58.444818,-34.601601
"Juncal 1107, CABA",-58.382941,-34.592833
"Av. Álvarez Thomas 3040, CABA",-58.482022,-34.572541
"Fitz Roy 2495, CABA",-58.428779,-34.577642
"Sarmiento 1185, CABA",-58.383401,-34.605056
"Av. José M.Moreno 370, CABA",-58.434740,-34.622411
"Sarmiento 820, CABA",-58.378313,-34.604795
"Av. Cabildo 1577, CABA",-58.451786,-34.566250
"Av. de Mayo 724, CABA",-58.376756,-34.608808
"Av.Santa Fe 1441, CABA",-58.387679,-34.595659
"Libertad 1165 (1012), CABA",NA,NA
"Av. José María Moreno 190 (1424) CABA, CABA",NA,NA
"Av.Santa Fe 4386, CABA",-58.423445,-34.580099
